{
  "id": "http://json-schema.org/errors.json",
  "$schema": "http://json-schema.org/draft-04/schema#",
  "description": "schema for errors collection",
  "type": "array",
  "minItems": 0,
  "uniqueItems": true,
  "items": 
  {
    "description": "schema for a error",
    "type": "object",
    "required": 
    [
      "code",
      "description"
    ],

    "properties": 
    {
      "code": 
      {
        "type": "string"
      },

      "description": 
      {
        "type": "string"
      }
    }
  }
}