{
  "validateAddressResponse": {
    "validatedAddressList": {
      "validatedAddressInfo": {
        "addressType": "D",
        "addressLine1": "3333 RD Road",
        "houseNumber": "2222",
        "streetName": "Killer",
        "streetSuffix": "SD",
        "city": "Montana",
        "state": "DI",
        "zipCode": "49001",
        "zip4Code": "8335",
        "country": "United States Of America",
        "additionalAddressInfo": {
          "confidence": "100",
          "recordType": "Normal",
          "matchScore": "0"
        }
      }
    }
  }
}