<?xml version="1.0" encoding="UTF-8"?>

<mule xmlns:metadata="http://www.mulesoft.org/schema/mule/metadata" xmlns:dw="http://www.mulesoft.org/schema/mule/ee/dw"
	xmlns:ws="http://www.mulesoft.org/schema/mule/ws"
	xmlns="http://www.mulesoft.org/schema/mule/core" xmlns:doc="http://www.mulesoft.org/schema/mule/documentation"
	xmlns:spring="http://www.springframework.org/schema/beans" 
	xmlns:xsi="http://www.w3.org/2001/XMLSchema-instance"
	xsi:schemaLocation="http://www.mulesoft.org/schema/mule/ee/dw http://www.mulesoft.org/schema/mule/ee/dw/current/dw.xsd
http://www.mulesoft.org/schema/mule/ws http://www.mulesoft.org/schema/mule/ws/current/mule-ws.xsd
http://www.springframework.org/schema/beans http://www.springframework.org/schema/beans/spring-beans-current.xsd
http://www.mulesoft.org/schema/mule/core http://www.mulesoft.org/schema/mule/core/current/mule.xsd">

	
	

    <sub-flow name="CreateTrackingMessageHeaderVariables">
        <set-variable variableName="applicationId" value="#[message.inboundProperties.applicationId]" metadata:id="14a38cc9-7ac4-4b6b-8b06-c7b60b97dd9b" doc:name="applicationId"/>
        <set-variable variableName="applicationUserId" value="#[message.inboundProperties.applicationUserId]" metadata:id="94e1041f-5185-4d71-a3d1-ee99578db5bf" doc:name="applicationUserId"/>

        <set-variable variableName="consumerId" value="#[message.inboundProperties.consumerId == empty ? '${systems.consumerId}' : message.inboundProperties.consumerId]" doc:name="consumerId"/>
        <set-variable variableName="messageId" value="#[message.inboundProperties.messageId == empty ? flowVars.applicationId+'-'+server.nanoTime()  : message.inboundProperties.messageId]" doc:name="messageId"/>
        <set-variable variableName="conversationId" value="#[message.inboundProperties.conversationId == empty ? flowVars.applicationId+'-'+server.nanoTime()  : message.inboundProperties.conversationId]" doc:name="conversationId"/>
        <set-variable variableName="timeToLive" value="#[message.inboundProperties.timeToLive]" doc:name="timeToLive"/>
        <set-variable variableName="messageDateTimeStamp" value="#[message.inboundProperties.messageDateTimeStamp == empty? server.dateTime.toDate() : message.inboundProperties.messageDateTimeStamp]" doc:name="messageDateTimeStamp"/>
    </sub-flow>

    <sub-flow name="SET_EAI_TRACKING_MESSAGE_HEADER">
        <dw:transform-message  doc:name="Transform Message">
            <dw:input-variable mimeType="application/java" variableName="applicationUserId"/>
            <dw:input-variable mimeType="application/java" variableName="conversationId"/>
            <dw:input-variable mimeType="application/java" variableName="timeToLive"/>
            <dw:input-variable mimeType="application/java" variableName="consumerId"/>
            <dw:input-variable mimeType="application/java" variableName="messageId"/>
            <dw:input-variable mimeType="application/java" variableName="applicationId"/>
            <dw:input-variable mimeType="application/java" variableName="messageDateTimeStamp"/>
            <dw:set-payload><![CDATA[%dw 1.0
%output application/xml encoding="UTF-8"
%namespace ns0 http://integration.sprint.com/common/header/WSMessageHeader/v2
---
{
	ns0#wsMessageHeader: {
		ns0#trackingMessageHeader: {
			ns0#applicationId: flowVars.applicationId,
			ns0#applicationUserId: flowVars.applicationUserId,
			ns0#consumerId: flowVars.consumerId,
			ns0#messageId: flowVars.messageId,
			ns0#conversationId: flowVars.conversationId,
			ns0#timeToLive: flowVars.timeToLive,
			ns0#messageDateTimeStamp: flowVars.messageDateTimeStamp
		}
	}
}]]></dw:set-payload>
        </dw:transform-message>
        <logger message="#[message.payloadAs(java.lang.String)]" level="DEBUG" doc:name="Logger"/>
        <set-variable variableName="soapHeaderString" value=" #[message.payloadAs(java.lang.String)]" doc:name="soapHeaderString"/>
        <dw:transform-message doc:name="Transform Message">
            <dw:set-payload><![CDATA[%dw 1.0
%output application/java
---
flowVars.soapHeaderString replace "xmlns:xsi=\"http://www.w3.org/2001/XMLSchema-instance\" xsi:nil=\"true\"" with "" replace "<?xml version='1.0' encoding='UTF-8'?>" with ""]]></dw:set-payload>
        </dw:transform-message>
        <logger message="#[message.payloadAs(java.lang.String)]" level="DEBUG" doc:name="Logger"/>
        <logger message=" #[message.payloadAs(java.lang.String)]" level="INFO" doc:name="Request Header"/>
        <set-property propertyName="soap.header" value=" #[message.payloadAs(java.lang.String)]" doc:name="SoapHeader"/>
    </sub-flow>

    
</mule>
