{
  "$schema": "http://json-schema.org/draft-04/schema#",
  "type": "object",
  "properties": {
    "validateAddressResponse": {
      "type": "object",
      "properties": {
        "validatedAddressList": {
          "type": "object",
          "properties": {
            "validatedAddressInfo": {
              "type": "array",
              "items": {
              "properties": {
                "addressType": {
                  "type": "string",
                  "maxLength": 20,
                  "enum": [
	                "S",
	                "P",
	                "O"
	              ]
                },
                "addressLine1": {
                  "type": "string",
                  "maxLength": 100
                },
                "addressLine2": {
                  "type": "string",
                  "maxLength": 100
                },
                "ruralNumber": {
                  "type": "string",
                  "maxLength": 50
                },
                "ruralRoute": {
                  "type": "string",
                  "maxLength": 6
                },
                "pobNumber": {
                  "type": "string",
                  "maxLength": 50
                },
                "houseNumber": {
                  "type": "string",
                  "maxLength": 50
                },
                "apartmentNumber": {
                  "type": "string",
                  "maxLength": 8
                },
                "apartmentType": {
                  "type": "string",
                  "maxLength": 8
                   
                },
                "streetPrefix": {
                  "type": "string",
                  "maxLength": 50
                },
                "streetName": {
                  "type": "string",
                  "maxLength": 50
                },
                "streetSuffix": {
                  "type": "string",
                  "maxLength": 50
                },
                "leadingDirection": {
                  "type": "string",
                  "maxLength": 2
                },
                "trailingDirection": {
                  "type": "string",
                  "maxLength": 2
                },
                "city": {
                  "type": "string",
                  "maxLength": 50
                },
                "state": {
                  "type": "string",
                  "maxLength": 50
                },
                "zipCode": {
                  "type": "string",
                  "maxLength": 5
                },
                "zip4Code": {
                  "type": "string",
                  "maxLength": 4
                },
                "country": {
                  "type": "string",
                  "maxLength": 50
                },
                "companyName": {
                  "type": "string",
                  "maxLength": 50
                },
                "usUrbanName": {
                  "type": "string",
                  "maxLength": 50
                },
                "addressNotFoundInCode1Ind": {
                  "type": "boolean"
                },
                "multipleMatchesFoundInd": {
                  "type": "boolean"
                },
                "additionalAddressInfo": {
                  "type": "object",
                  "properties": {
                    "ruralRouteHighwayContractCode": {
                      "type": "string",
                      "maxLength": 2
                    },
                    "privateMailbox": {
                      "type": "string",
                      "maxLength": 50
                    },
                    "privateMailboxType": {
                      "type": "string",
                      "maxLength": 50
                    },
                    "deliveryPointValidationCode": {
                      "type": "string",
                      "maxLength": 1
                    },
                    "deliveryPointValidationNote": {
                      "type": "string",
                      "maxLength": 2,
                      "enum": [
	               		 "AA",
	               		 "A1",
	                	 "BB",
	               		 "CC",
	               		 "N1",
	             		 "M3",
	             		 "P1",
	             		 "RR",
	             		 "R1"
	              		]
                    },
                    "confidence": {
                      "type": "string",
                      "maxLength": 3
                    },
                    "recordType": {
                      "type": "string",
                      "maxLength": 20,
                      "enum": [
	                		"GeneralDelivery",
	                		"HighRise",
	                		"FirmRecord",
	                		"Normal",
	                		"PostOfficeBox",
	                		"RRHighwayContract",
	                		"Geographic",
	                		"Auxiliary"
	             		 ]
                    },
                    "matchScore": {
                      "type": "string",
                      "maxLength": 5
                    }
                  } 
                }
              },
              "required": [
                "city",
                "state"
              ]
			  
			  },
              "minItems": 0,
              "maxItems": 50
            }
          },
          "required": [
            "validatedAddressInfo"
          ]
        }
      },
      "required": [
        "validatedAddressList"
      ]
    }
  },
  "required": [
    "validateAddressResponse"
  ]
}